List CIPS Book,,,,,,,,,
Title,Link,Type,Topic,Month,Year,Language Page,Author,Keywords,Summary
12 Indonesian Dreams,,Book,Community Livelihoods,,2017,English,Sarita Sapkota,"migrant workers, ex migrant workers, woman entrepreneurship, entrepreneurship, book, CIPE, ",
Peran Perdagangan Bebas dalam Menciptakan Kesejahteraan,https://cutt.ly/Buku-PerdaganganBebas,Book,General,,2019,Indonesia,Donald J. Boudreaux,"Perdagangan Bebas, Menciptakan Kesejahteraan, Donald J. Boudreaux, Free Trade, Ekonomi, pasar bebas, IEA","“Apakah pasar bebas mengharuskan negara membuka pasar sebebas-bebasnya untuk asing?”

""Apakah pasar bebas menyebabkan defisit transaksi berjalan?""

""Apakah liberalisasi ekonomi sama dengan menjual negara kepada pihak asing?""

Pertanyaan diatas adalah beberapa dari sekian banyak pertanyaan yang sering muncul terkait perdagangan bebas. Opini dan fakta sulit dibedakan, dan banyak juga mitos-mitos yang muncul. Untuk mengakhiri perdebatan tersebut, tulisan dari Donald J. Boudreaux (ekonom dan penulis asal Amerika Serikat), yang telah CIPS terjemahkan, dapat menjadi jawabannya.

Dalam buku ini, Donald J. Boudreaux menjelaskan bahwa semua pihak yang menjadi bagian dari perdagangan bebas akan memperoleh keuntungan. Misalnya dalam hal produksi, perdagangan bebas mendorong adanya peluang dan insentif serta mekanisasi dan inovasi untuk spesialisasi. Jika pemahaman terkait perdagangan bebas layaknya yang ada dalam buku ini dipahami oleh berbagai kalangan, maka asumsi-asumsi, ketakutan, dan sentimen terhadap perdagangan bebas akan menjadi cerita masa lalu."
Membangun Ketahanan Pangan dan Mengelola Risiko di Asia Tenggara,"https://cutt.ly/BukuKetahananPangan


PDF:
https://c95e5d29-0df6-4d6f-8801-1d6926c32107.usrfiles.com/ugd/c95e5d_8d2b0a096e5c436c82c3a7835b558eff.pdf",Book,Food Security & Agriculture,October,2021,Indonesia,Organisation for Economic Co-operation and Development (OECD),"Buku Ketahanan Pangan, Buku Ketahanan Pangan ASEAN, Membangun Ketahanan Pangan ASEAN, Membangun Ketahanan Pangan dan Mengelola Risiko di Asia Tenggara, Ketahanan Pangan Asia, Ketahanan Pangan Asia Tenggara, Food Security and Agriculture Asean, Food Security and Agriculture Asia, Risk Mitigation Food Security, OECD Book, OECD, Ketahanan Pangan dan Agrikultur, CIPS Book, Buku CIPS, FNF Book, Dampak Iklim Terhadap Ketahanan Pangan, Dampak Iklim Terhadap Pertanian, Dampak Iklim Terhadap Pangan Asia, Kebijakan Pangan Asia, Kebijakan Pangan Asia Tenggara","Negara anggota Perserikatan Bangsa-Bangsa Asia Tenggara (ASEAN) masih belum memiliki strategi untuk meningkatkan ketahanan pangan yang baik. Selama 1990 hingga 2010, masih ada sekitar enam puluh juta jiwa yang kekurangan gizi – meskipun produksi pangan terus meningkat. Dampak ini diprediksi akan memburuk di masa depan yang dipenuhi perubahan iklim. Kekurangan pangan dan mortalitas akan meningkat, kerugian besar juga akan datang baik untuk keluarga maupun untuk negara.

Buku ini mengkaji solusi-solusi yang efektif untuk menghadapi tantangan-tantangan ketahanan pangan yang ada saat ini dan di masa mendatang di negara-negara ASEAN  dan menyajikan rekomendasi kebijakan untuk meningkatkan ketahanan pangan.
"